sk_fecha,fecha,anio,trimestre,mes_num,mes_nombre,anio_mes,semana_iso,dia_mes,dia_semana_num,dia_semana,es_fin_semana,es_feriado,nombre_feriado
20251001,2025-10-01,2025,4,10,Octubre,2025-10,40,1,3,Miércoles,0,0,
20251002,2025-10-02,2025,4,10,Octubre,2025-10,40,2,4,Jueves,0,0,
20251003,2025-10-03,2025,4,10,Octubre,2025-10,40,3,5,Viernes,0,0,
20251004,2025-10-04,2025,4,10,Octubre,2025-10,40,4,6,Sábado,1,0,
20251005,2025-10-05,2025,4,10,Octubre,2025-10,40,5,7,Domingo,1,0,
20251006,2025-10-06,2025,4,10,Octubre,2025-10,41,6,1,Lunes,0,0,
20251007,2025-10-07,2025,4,10,Octubre,2025-10,41,7,2,Martes,0,0,
20251008,2025-10-08,2025,4,10,Octubre,2025-10,41,8,3,Miércoles,0,0,
20251009,2025-10-09,2025,4,10,Octubre,2025-10,41,9,4,Jueves,0,0,
20251010,2025-10-10,2025,4,10,Octubre,2025-10,41,10,5,Viernes,0,0,
20251011,2025-10-11,2025,4,10,Octubre,2025-10,41,11,6,Sábado,1,0,
20251012,2025-10-12,2025,4,10,Octubre,2025-10,41,12,7,Domingo,1,0,
20251013,2025-10-13,2025,4,10,Octubre,2025-10,42,13,1,Lunes,0,0,
20251014,2025-10-14,2025,4,10,Octubre,2025-10,42,14,2,Martes,0,0,
20251015,2025-10-15,2025,4,10,Octubre,2025-10,42,15,3,Miércoles,0,0,
20251016,2025-10-16,2025,4,10,Octubre,2025-10,42,16,4,Jueves,0,0,
20251017,2025-10-17,2025,4,10,Octubre,2025-10,42,17,5,Viernes,0,0,
20251018,2025-10-18,2025,4,10,Octubre,2025-10,42,18,6,Sábado,1,0,
20251019,2025-10-19,2025,4,10,Octubre,2025-10,42,19,7,Domingo,1,0,
20251020,2025-10-20,2025,4,10,Octubre,2025-10,43,20,1,Lunes,0,0,
20251021,2025-10-21,2025,4,10,Octubre,2025-10,43,21,2,Martes,0,0,
20251022,2025-10-22,2025,4,10,Octubre,2025-10,43,22,3,Miércoles,0,0,
20251023,2025-10-23,2025,4,10,Octubre,2025-10,43,23,4,Jueves,0,0,
20251024,2025-10-24,2025,4,10,Octubre,2025-10,43,24,5,Viernes,0,0,
20251025,2025-10-25,2025,4,10,Octubre,2025-10,43,25,6,Sábado,1,0,
20251026,2025-10-26,2025,4,10,Octubre,2025-10,43,26,7,Domingo,1,0,
20251027,2025-10-27,2025,4,10,Octubre,2025-10,44,27,1,Lunes,0,0,
20251028,2025-10-28,2025,4,10,Octubre,2025-10,44,28,2,Martes,0,0,
20251029,2025-10-29,2025,4,10,Octubre,2025-10,44,29,3,Miércoles,0,0,
20251030,2025-10-30,2025,4,10,Octubre,2025-10,44,30,4,Jueves,0,0,
20251031,2025-10-31,2025,4,10,Octubre,2025-10,44,31,5,Viernes,0,0,
20251101,2025-11-01,2025,4,11,Noviembre,2025-11,44,1,6,Sábado,1,1,Todos los Santos
20251102,2025-11-02,2025,4,11,Noviembre,2025-11,44,2,7,Domingo,1,0,
20251103,2025-11-03,2025,4,11,Noviembre,2025-11,45,3,1,Lunes,0,0,
20251104,2025-11-04,2025,4,11,Noviembre,2025-11,45,4,2,Martes,0,0,
20251105,2025-11-05,2025,4,11,Noviembre,2025-11,45,5,3,Miércoles,0,0,
20251106,2025-11-06,2025,4,11,Noviembre,2025-11,45,6,4,Jueves,0,0,
20251107,2025-11-07,2025,4,11,Noviembre,2025-11,45,7,5,Viernes,0,0,
20251108,2025-11-08,2025,4,11,Noviembre,2025-11,45,8,6,Sábado,1,0,
20251109,2025-11-09,2025,4,11,Noviembre,2025-11,45,9,7,Domingo,1,0,
20251110,2025-11-10,2025,4,11,Noviembre,2025-11,46,10,1,Lunes,0,0,
20251111,2025-11-11,2025,4,11,Noviembre,2025-11,46,11,2,Martes,0,0,
20251112,2025-11-12,2025,4,11,Noviembre,2025-11,46,12,3,Miércoles,0,0,
20251113,2025-11-13,2025,4,11,Noviembre,2025-11,46,13,4,Jueves,0,0,
20251114,2025-11-14,2025,4,11,Noviembre,2025-11,46,14,5,Viernes,0,0,
20251115,2025-11-15,2025,4,11,Noviembre,2025-11,46,15,6,Sábado,1,0,
20251116,2025-11-16,2025,4,11,Noviembre,2025-11,46,16,7,Domingo,1,0,
20251117,2025-11-17,2025,4,11,Noviembre,2025-11,47,17,1,Lunes,0,0,
20251118,2025-11-18,2025,4,11,Noviembre,2025-11,47,18,2,Martes,0,0,
20251119,2025-11-19,2025,4,11,Noviembre,2025-11,47,19,3,Miércoles,0,0,
20251120,2025-11-20,2025,4,11,Noviembre,2025-11,47,20,4,Jueves,0,0,
20251121,2025-11-21,2025,4,11,Noviembre,2025-11,47,21,5,Viernes,0,0,
20251122,2025-11-22,2025,4,11,Noviembre,2025-11,47,22,6,Sábado,1,0,
20251123,2025-11-23,2025,4,11,Noviembre,2025-11,47,23,7,Domingo,1,0,
20251124,2025-11-24,2025,4,11,Noviembre,2025-11,48,24,1,Lunes,0,0,
20251125,2025-11-25,2025,4,11,Noviembre,2025-11,48,25,2,Martes,0,0,
20251126,2025-11-26,2025,4,11,Noviembre,2025-11,48,26,3,Miércoles,0,0,
20251127,2025-11-27,2025,4,11,Noviembre,2025-11,48,27,4,Jueves,0,0,
20251128,2025-11-28,2025,4,11,Noviembre,2025-11,48,28,5,Viernes,0,0,
20251129,2025-11-29,2025,4,11,Noviembre,2025-11,48,29,6,Sábado,1,0,
20251130,2025-11-30,2025,4,11,Noviembre,2025-11,48,30,7,Domingo,1,0,
20251201,2025-12-01,2025,4,12,Diciembre,2025-12,49,1,1,Lunes,0,0,
20251202,2025-12-02,2025,4,12,Diciembre,2025-12,49,2,2,Martes,0,0,
20251203,2025-12-03,2025,4,12,Diciembre,2025-12,49,3,3,Miércoles,0,0,
20251204,2025-12-04,2025,4,12,Diciembre,2025-12,49,4,4,Jueves,0,0,
20251205,2025-12-05,2025,4,12,Diciembre,2025-12,49,5,5,Viernes,0,0,
20251206,2025-12-06,2025,4,12,Diciembre,2025-12,49,6,6,Sábado,1,0,
20251207,2025-12-07,2025,4,12,Diciembre,2025-12,49,7,7,Domingo,1,0,
20251208,2025-12-08,2025,4,12,Diciembre,2025-12,50,8,1,Lunes,0,1,Inmaculada Concepción
20251209,2025-12-09,2025,4,12,Diciembre,2025-12,50,9,2,Martes,0,1,Batalla de Ayacucho
20251210,2025-12-10,2025,4,12,Diciembre,2025-12,50,10,3,Miércoles,0,0,
20251211,2025-12-11,2025,4,12,Diciembre,2025-12,50,11,4,Jueves,0,0,
20251212,2025-12-12,2025,4,12,Diciembre,2025-12,50,12,5,Viernes,0,0,
20251213,2025-12-13,2025,4,12,Diciembre,2025-12,50,13,6,Sábado,1,0,
20251214,2025-12-14,2025,4,12,Diciembre,2025-12,50,14,7,Domingo,1,0,
20251215,2025-12-15,2025,4,12,Diciembre,2025-12,51,15,1,Lunes,0,0,
20251216,2025-12-16,2025,4,12,Diciembre,2025-12,51,16,2,Martes,0,0,
20251217,2025-12-17,2025,4,12,Diciembre,2025-12,51,17,3,Miércoles,0,0,
20251218,2025-12-18,2025,4,12,Diciembre,2025-12,51,18,4,Jueves,0,0,
20251219,2025-12-19,2025,4,12,Diciembre,2025-12,51,19,5,Viernes,0,0,
20251220,2025-12-20,2025,4,12,Diciembre,2025-12,51,20,6,Sábado,1,0,
20251221,2025-12-21,2025,4,12,Diciembre,2025-12,51,21,7,Domingo,1,0,
20251222,2025-12-22,2025,4,12,Diciembre,2025-12,52,22,1,Lunes,0,0,
20251223,2025-12-23,2025,4,12,Diciembre,2025-12,52,23,2,Martes,0,0,
20251224,2025-12-24,2025,4,12,Diciembre,2025-12,52,24,3,Miércoles,0,0,
20251225,2025-12-25,2025,4,12,Diciembre,2025-12,52,25,4,Jueves,0,1,Navidad
20251226,2025-12-26,2025,4,12,Diciembre,2025-12,52,26,5,Viernes,0,0,
20251227,2025-12-27,2025,4,12,Diciembre,2025-12,52,27,6,Sábado,1,0,
20251228,2025-12-28,2025,4,12,Diciembre,2025-12,52,28,7,Domingo,1,0,
20251229,2025-12-29,2025,4,12,Diciembre,2025-12,1,29,1,Lunes,0,0,
20251230,2025-12-30,2025,4,12,Diciembre,2025-12,1,30,2,Martes,0,0,
20251231,2025-12-31,2025,4,12,Diciembre,2025-12,1,31,3,Miércoles,0,0,
20260101,2026-01-01,2026,1,1,Enero,2026-01,1,1,4,Jueves,0,1,Año Nuevo
20260102,2026-01-02,2026,1,1,Enero,2026-01,1,2,5,Viernes,0,0,
20260103,2026-01-03,2026,1,1,Enero,2026-01,1,3,6,Sábado,1,0,
20260104,2026-01-04,2026,1,1,Enero,2026-01,1,4,7,Domingo,1,0,
20260105,2026-01-05,2026,1,1,Enero,2026-01,2,5,1,Lunes,0,0,
20260106,2026-01-06,2026,1,1,Enero,2026-01,2,6,2,Martes,0,0,
20260107,2026-01-07,2026,1,1,Enero,2026-01,2,7,3,Miércoles,0,0,
20260108,2026-01-08,2026,1,1,Enero,2026-01,2,8,4,Jueves,0,0,
20260109,2026-01-09,2026,1,1,Enero,2026-01,2,9,5,Viernes,0,0,
20260110,2026-01-10,2026,1,1,Enero,2026-01,2,10,6,Sábado,1,0,
20260111,2026-01-11,2026,1,1,Enero,2026-01,2,11,7,Domingo,1,0,
20260112,2026-01-12,2026,1,1,Enero,2026-01,3,12,1,Lunes,0,0,
20260113,2026-01-13,2026,1,1,Enero,2026-01,3,13,2,Martes,0,0,
20260114,2026-01-14,2026,1,1,Enero,2026-01,3,14,3,Miércoles,0,0,
20260115,2026-01-15,2026,1,1,Enero,2026-01,3,15,4,Jueves,0,0,
20260116,2026-01-16,2026,1,1,Enero,2026-01,3,16,5,Viernes,0,0,
20260117,2026-01-17,2026,1,1,Enero,2026-01,3,17,6,Sábado,1,0,
20260118,2026-01-18,2026,1,1,Enero,2026-01,3,18,7,Domingo,1,0,
20260119,2026-01-19,2026,1,1,Enero,2026-01,4,19,1,Lunes,0,0,
20260120,2026-01-20,2026,1,1,Enero,2026-01,4,20,2,Martes,0,0,
20260121,2026-01-21,2026,1,1,Enero,2026-01,4,21,3,Miércoles,0,0,
20260122,2026-01-22,2026,1,1,Enero,2026-01,4,22,4,Jueves,0,0,
20260123,2026-01-23,2026,1,1,Enero,2026-01,4,23,5,Viernes,0,0,
20260124,2026-01-24,2026,1,1,Enero,2026-01,4,24,6,Sábado,1,0,
20260125,2026-01-25,2026,1,1,Enero,2026-01,4,25,7,Domingo,1,0,
20260126,2026-01-26,2026,1,1,Enero,2026-01,5,26,1,Lunes,0,0,
20260127,2026-01-27,2026,1,1,Enero,2026-01,5,27,2,Martes,0,0,
20260128,2026-01-28,2026,1,1,Enero,2026-01,5,28,3,Miércoles,0,0,
20260129,2026-01-29,2026,1,1,Enero,2026-01,5,29,4,Jueves,0,0,
20260130,2026-01-30,2026,1,1,Enero,2026-01,5,30,5,Viernes,0,0,
20260131,2026-01-31,2026,1,1,Enero,2026-01,5,31,6,Sábado,1,0,
20260201,2026-02-01,2026,1,2,Febrero,2026-02,5,1,7,Domingo,1,0,
20260202,2026-02-02,2026,1,2,Febrero,2026-02,6,2,1,Lunes,0,0,
20260203,2026-02-03,2026,1,2,Febrero,2026-02,6,3,2,Martes,0,0,
20260204,2026-02-04,2026,1,2,Febrero,2026-02,6,4,3,Miércoles,0,0,
20260205,2026-02-05,2026,1,2,Febrero,2026-02,6,5,4,Jueves,0,0,
20260206,2026-02-06,2026,1,2,Febrero,2026-02,6,6,5,Viernes,0,0,
20260207,2026-02-07,2026,1,2,Febrero,2026-02,6,7,6,Sábado,1,0,
20260208,2026-02-08,2026,1,2,Febrero,2026-02,6,8,7,Domingo,1,0,
20260209,2026-02-09,2026,1,2,Febrero,2026-02,7,9,1,Lunes,0,0,
20260210,2026-02-10,2026,1,2,Febrero,2026-02,7,10,2,Martes,0,0,
20260211,2026-02-11,2026,1,2,Febrero,2026-02,7,11,3,Miércoles,0,0,
20260212,2026-02-12,2026,1,2,Febrero,2026-02,7,12,4,Jueves,0,0,
20260213,2026-02-13,2026,1,2,Febrero,2026-02,7,13,5,Viernes,0,0,
20260214,2026-02-14,2026,1,2,Febrero,2026-02,7,14,6,Sábado,1,0,
20260215,2026-02-15,2026,1,2,Febrero,2026-02,7,15,7,Domingo,1,0,
20260216,2026-02-16,2026,1,2,Febrero,2026-02,8,16,1,Lunes,0,0,
20260217,2026-02-17,2026,1,2,Febrero,2026-02,8,17,2,Martes,0,0,
20260218,2026-02-18,2026,1,2,Febrero,2026-02,8,18,3,Miércoles,0,0,
20260219,2026-02-19,2026,1,2,Febrero,2026-02,8,19,4,Jueves,0,0,
20260220,2026-02-20,2026,1,2,Febrero,2026-02,8,20,5,Viernes,0,0,
20260221,2026-02-21,2026,1,2,Febrero,2026-02,8,21,6,Sábado,1,0,
20260222,2026-02-22,2026,1,2,Febrero,2026-02,8,22,7,Domingo,1,0,
20260223,2026-02-23,2026,1,2,Febrero,2026-02,9,23,1,Lunes,0,0,
20260224,2026-02-24,2026,1,2,Febrero,2026-02,9,24,2,Martes,0,0,
20260225,2026-02-25,2026,1,2,Febrero,2026-02,9,25,3,Miércoles,0,0,
20260226,2026-02-26,2026,1,2,Febrero,2026-02,9,26,4,Jueves,0,0,
20260227,2026-02-27,2026,1,2,Febrero,2026-02,9,27,5,Viernes,0,0,
20260228,2026-02-28,2026,1,2,Febrero,2026-02,9,28,6,Sábado,1,0,
20260301,2026-03-01,2026,1,3,Marzo,2026-03,9,1,7,Domingo,1,0,
20260302,2026-03-02,2026,1,3,Marzo,2026-03,10,2,1,Lunes,0,0,
20260303,2026-03-03,2026,1,3,Marzo,2026-03,10,3,2,Martes,0,0,
20260304,2026-03-04,2026,1,3,Marzo,2026-03,10,4,3,Miércoles,0,0,
20260305,2026-03-05,2026,1,3,Marzo,2026-03,10,5,4,Jueves,0,0,
20260306,2026-03-06,2026,1,3,Marzo,2026-03,10,6,5,Viernes,0,0,
20260307,2026-03-07,2026,1,3,Marzo,2026-03,10,7,6,Sábado,1,0,
20260308,2026-03-08,2026,1,3,Marzo,2026-03,10,8,7,Domingo,1,0,
20260309,2026-03-09,2026,1,3,Marzo,2026-03,11,9,1,Lunes,0,0,
20260310,2026-03-10,2026,1,3,Marzo,2026-03,11,10,2,Martes,0,0,
20260311,2026-03-11,2026,1,3,Marzo,2026-03,11,11,3,Miércoles,0,0,
20260312,2026-03-12,2026,1,3,Marzo,2026-03,11,12,4,Jueves,0,0,
20260313,2026-03-13,2026,1,3,Marzo,2026-03,11,13,5,Viernes,0,0,
20260314,2026-03-14,2026,1,3,Marzo,2026-03,11,14,6,Sábado,1,0,
20260315,2026-03-15,2026,1,3,Marzo,2026-03,11,15,7,Domingo,1,0,
20260316,2026-03-16,2026,1,3,Marzo,2026-03,12,16,1,Lunes,0,0,
20260317,2026-03-17,2026,1,3,Marzo,2026-03,12,17,2,Martes,0,0,
20260318,2026-03-18,2026,1,3,Marzo,2026-03,12,18,3,Miércoles,0,0,
20260319,2026-03-19,2026,1,3,Marzo,2026-03,12,19,4,Jueves,0,0,
20260320,2026-03-20,2026,1,3,Marzo,2026-03,12,20,5,Viernes,0,0,
20260321,2026-03-21,2026,1,3,Marzo,2026-03,12,21,6,Sábado,1,0,
20260322,2026-03-22,2026,1,3,Marzo,2026-03,12,22,7,Domingo,1,0,
20260323,2026-03-23,2026,1,3,Marzo,2026-03,13,23,1,Lunes,0,0,
20260324,2026-03-24,2026,1,3,Marzo,2026-03,13,24,2,Martes,0,0,
20260325,2026-03-25,2026,1,3,Marzo,2026-03,13,25,3,Miércoles,0,0,
20260326,2026-03-26,2026,1,3,Marzo,2026-03,13,26,4,Jueves,0,0,
20260327,2026-03-27,2026,1,3,Marzo,2026-03,13,27,5,Viernes,0,0,
20260328,2026-03-28,2026,1,3,Marzo,2026-03,13,28,6,Sábado,1,0,
20260329,2026-03-29,2026,1,3,Marzo,2026-03,13,29,7,Domingo,1,0,
20260330,2026-03-30,2026,1,3,Marzo,2026-03,14,30,1,Lunes,0,0,
20260331,2026-03-31,2026,1,3,Marzo,2026-03,14,31,2,Martes,0,0,
20260401,2026-04-01,2026,2,4,Abril,2026-04,14,1,3,Miércoles,0,0,
20260402,2026-04-02,2026,2,4,Abril,2026-04,14,2,4,Jueves,0,1,Jueves Santo
20260403,2026-04-03,2026,2,4,Abril,2026-04,14,3,5,Viernes,0,1,Viernes Santo
20260404,2026-04-04,2026,2,4,Abril,2026-04,14,4,6,Sábado,1,0,
20260405,2026-04-05,2026,2,4,Abril,2026-04,14,5,7,Domingo,1,0,
20260406,2026-04-06,2026,2,4,Abril,2026-04,15,6,1,Lunes,0,0,
20260407,2026-04-07,2026,2,4,Abril,2026-04,15,7,2,Martes,0,0,
20260408,2026-04-08,2026,2,4,Abril,2026-04,15,8,3,Miércoles,0,0,
20260409,2026-04-09,2026,2,4,Abril,2026-04,15,9,4,Jueves,0,0,
20260410,2026-04-10,2026,2,4,Abril,2026-04,15,10,5,Viernes,0,0,
20260411,2026-04-11,2026,2,4,Abril,2026-04,15,11,6,Sábado,1,0,
20260412,2026-04-12,2026,2,4,Abril,2026-04,15,12,7,Domingo,1,0,
20260413,2026-04-13,2026,2,4,Abril,2026-04,16,13,1,Lunes,0,0,
20260414,2026-04-14,2026,2,4,Abril,2026-04,16,14,2,Martes,0,0,
20260415,2026-04-15,2026,2,4,Abril,2026-04,16,15,3,Miércoles,0,0,
20260416,2026-04-16,2026,2,4,Abril,2026-04,16,16,4,Jueves,0,0,
20260417,2026-04-17,2026,2,4,Abril,2026-04,16,17,5,Viernes,0,0,
20260418,2026-04-18,2026,2,4,Abril,2026-04,16,18,6,Sábado,1,0,
20260419,2026-04-19,2026,2,4,Abril,2026-04,16,19,7,Domingo,1,0,
20260420,2026-04-20,2026,2,4,Abril,2026-04,17,20,1,Lunes,0,0,
20260421,2026-04-21,2026,2,4,Abril,2026-04,17,21,2,Martes,0,0,
20260422,2026-04-22,2026,2,4,Abril,2026-04,17,22,3,Miércoles,0,0,
20260423,2026-04-23,2026,2,4,Abril,2026-04,17,23,4,Jueves,0,0,
20260424,2026-04-24,2026,2,4,Abril,2026-04,17,24,5,Viernes,0,0,
20260425,2026-04-25,2026,2,4,Abril,2026-04,17,25,6,Sábado,1,0,
20260426,2026-04-26,2026,2,4,Abril,2026-04,17,26,7,Domingo,1,0,
20260427,2026-04-27,2026,2,4,Abril,2026-04,18,27,1,Lunes,0,0,
20260428,2026-04-28,2026,2,4,Abril,2026-04,18,28,2,Martes,0,0,
20260429,2026-04-29,2026,2,4,Abril,2026-04,18,29,3,Miércoles,0,0,
20260430,2026-04-30,2026,2,4,Abril,2026-04,18,30,4,Jueves,0,0,
20260501,2026-05-01,2026,2,5,Mayo,2026-05,18,1,5,Viernes,0,1,Día del Trabajo
20260502,2026-05-02,2026,2,5,Mayo,2026-05,18,2,6,Sábado,1,0,
20260503,2026-05-03,2026,2,5,Mayo,2026-05,18,3,7,Domingo,1,0,
20260504,2026-05-04,2026,2,5,Mayo,2026-05,19,4,1,Lunes,0,0,
20260505,2026-05-05,2026,2,5,Mayo,2026-05,19,5,2,Martes,0,0,
20260506,2026-05-06,2026,2,5,Mayo,2026-05,19,6,3,Miércoles,0,0,
20260507,2026-05-07,2026,2,5,Mayo,2026-05,19,7,4,Jueves,0,0,
20260508,2026-05-08,2026,2,5,Mayo,2026-05,19,8,5,Viernes,0,0,
20260509,2026-05-09,2026,2,5,Mayo,2026-05,19,9,6,Sábado,1,0,
20260510,2026-05-10,2026,2,5,Mayo,2026-05,19,10,7,Domingo,1,0,
20260511,2026-05-11,2026,2,5,Mayo,2026-05,20,11,1,Lunes,0,0,
20260512,2026-05-12,2026,2,5,Mayo,2026-05,20,12,2,Martes,0,0,
20260513,2026-05-13,2026,2,5,Mayo,2026-05,20,13,3,Miércoles,0,0,
20260514,2026-05-14,2026,2,5,Mayo,2026-05,20,14,4,Jueves,0,0,
20260515,2026-05-15,2026,2,5,Mayo,2026-05,20,15,5,Viernes,0,0,
20260516,2026-05-16,2026,2,5,Mayo,2026-05,20,16,6,Sábado,1,0,
20260517,2026-05-17,2026,2,5,Mayo,2026-05,20,17,7,Domingo,1,0,
20260518,2026-05-18,2026,2,5,Mayo,2026-05,21,18,1,Lunes,0,0,
20260519,2026-05-19,2026,2,5,Mayo,2026-05,21,19,2,Martes,0,0,
20260520,2026-05-20,2026,2,5,Mayo,2026-05,21,20,3,Miércoles,0,0,
20260521,2026-05-21,2026,2,5,Mayo,2026-05,21,21,4,Jueves,0,0,
20260522,2026-05-22,2026,2,5,Mayo,2026-05,21,22,5,Viernes,0,0,
20260523,2026-05-23,2026,2,5,Mayo,2026-05,21,23,6,Sábado,1,0,
20260524,2026-05-24,2026,2,5,Mayo,2026-05,21,24,7,Domingo,1,0,
20260525,2026-05-25,2026,2,5,Mayo,2026-05,22,25,1,Lunes,0,0,
20260526,2026-05-26,2026,2,5,Mayo,2026-05,22,26,2,Martes,0,0,
20260527,2026-05-27,2026,2,5,Mayo,2026-05,22,27,3,Miércoles,0,0,
20260528,2026-05-28,2026,2,5,Mayo,2026-05,22,28,4,Jueves,0,0,
20260529,2026-05-29,2026,2,5,Mayo,2026-05,22,29,5,Viernes,0,0,
20260530,2026-05-30,2026,2,5,Mayo,2026-05,22,30,6,Sábado,1,0,
20260531,2026-05-31,2026,2,5,Mayo,2026-05,22,31,7,Domingo,1,0,
20260601,2026-06-01,2026,2,6,Junio,2026-06,23,1,1,Lunes,0,0,
20260602,2026-06-02,2026,2,6,Junio,2026-06,23,2,2,Martes,0,0,
20260603,2026-06-03,2026,2,6,Junio,2026-06,23,3,3,Miércoles,0,0,
20260604,2026-06-04,2026,2,6,Junio,2026-06,23,4,4,Jueves,0,0,
20260605,2026-06-05,2026,2,6,Junio,2026-06,23,5,5,Viernes,0,0,
20260606,2026-06-06,2026,2,6,Junio,2026-06,23,6,6,Sábado,1,0,
20260607,2026-06-07,2026,2,6,Junio,2026-06,23,7,7,Domingo,1,1,Batalla de Arica
20260608,2026-06-08,2026,2,6,Junio,2026-06,24,8,1,Lunes,0,0,
20260609,2026-06-09,2026,2,6,Junio,2026-06,24,9,2,Martes,0,0,
20260610,2026-06-10,2026,2,6,Junio,2026-06,24,10,3,Miércoles,0,0,
20260611,2026-06-11,2026,2,6,Junio,2026-06,24,11,4,Jueves,0,0,
20260612,2026-06-12,2026,2,6,Junio,2026-06,24,12,5,Viernes,0,0,
20260613,2026-06-13,2026,2,6,Junio,2026-06,24,13,6,Sábado,1,0,
20260614,2026-06-14,2026,2,6,Junio,2026-06,24,14,7,Domingo,1,0,
20260615,2026-06-15,2026,2,6,Junio,2026-06,25,15,1,Lunes,0,0,
20260616,2026-06-16,2026,2,6,Junio,2026-06,25,16,2,Martes,0,0,
20260617,2026-06-17,2026,2,6,Junio,2026-06,25,17,3,Miércoles,0,0,
20260618,2026-06-18,2026,2,6,Junio,2026-06,25,18,4,Jueves,0,0,
20260619,2026-06-19,2026,2,6,Junio,2026-06,25,19,5,Viernes,0,0,
20260620,2026-06-20,2026,2,6,Junio,2026-06,25,20,6,Sábado,1,0,
20260621,2026-06-21,2026,2,6,Junio,2026-06,25,21,7,Domingo,1,0,
20260622,2026-06-22,2026,2,6,Junio,2026-06,26,22,1,Lunes,0,0,
20260623,2026-06-23,2026,2,6,Junio,2026-06,26,23,2,Martes,0,0,
20260624,2026-06-24,2026,2,6,Junio,2026-06,26,24,3,Miércoles,0,0,
20260625,2026-06-25,2026,2,6,Junio,2026-06,26,25,4,Jueves,0,0,
20260626,2026-06-26,2026,2,6,Junio,2026-06,26,26,5,Viernes,0,0,
20260627,2026-06-27,2026,2,6,Junio,2026-06,26,27,6,Sábado,1,0,
20260628,2026-06-28,2026,2,6,Junio,2026-06,26,28,7,Domingo,1,0,
20260629,2026-06-29,2026,2,6,Junio,2026-06,27,29,1,Lunes,0,1,San Pedro y San Pablo
20260630,2026-06-30,2026,2,6,Junio,2026-06,27,30,2,Martes,0,0,
20260701,2026-07-01,2026,3,7,Julio,2026-07,27,1,3,Miércoles,0,0,
20260702,2026-07-02,2026,3,7,Julio,2026-07,27,2,4,Jueves,0,0,
20260703,2026-07-03,2026,3,7,Julio,2026-07,27,3,5,Viernes,0,0,
20260704,2026-07-04,2026,3,7,Julio,2026-07,27,4,6,Sábado,1,0,
20260705,2026-07-05,2026,3,7,Julio,2026-07,27,5,7,Domingo,1,0,
20260706,2026-07-06,2026,3,7,Julio,2026-07,28,6,1,Lunes,0,0,
20260707,2026-07-07,2026,3,7,Julio,2026-07,28,7,2,Martes,0,0,
20260708,2026-07-08,2026,3,7,Julio,2026-07,28,8,3,Miércoles,0,0,
20260709,2026-07-09,2026,3,7,Julio,2026-07,28,9,4,Jueves,0,0,
20260710,2026-07-10,2026,3,7,Julio,2026-07,28,10,5,Viernes,0,0,
20260711,2026-07-11,2026,3,7,Julio,2026-07,28,11,6,Sábado,1,0,
20260712,2026-07-12,2026,3,7,Julio,2026-07,28,12,7,Domingo,1,0,
20260713,2026-07-13,2026,3,7,Julio,2026-07,29,13,1,Lunes,0,0,
20260714,2026-07-14,2026,3,7,Julio,2026-07,29,14,2,Martes,0,0,
20260715,2026-07-15,2026,3,7,Julio,2026-07,29,15,3,Miércoles,0,0,
20260716,2026-07-16,2026,3,7,Julio,2026-07,29,16,4,Jueves,0,0,
20260717,2026-07-17,2026,3,7,Julio,2026-07,29,17,5,Viernes,0,0,
20260718,2026-07-18,2026,3,7,Julio,2026-07,29,18,6,Sábado,1,0,
20260719,2026-07-19,2026,3,7,Julio,2026-07,29,19,7,Domingo,1,0,
20260720,2026-07-20,2026,3,7,Julio,2026-07,30,20,1,Lunes,0,0,
20260721,2026-07-21,2026,3,7,Julio,2026-07,30,21,2,Martes,0,0,
20260722,2026-07-22,2026,3,7,Julio,2026-07,30,22,3,Miércoles,0,0,
20260723,2026-07-23,2026,3,7,Julio,2026-07,30,23,4,Jueves,0,1,Día de la Fuerza Aérea
20260724,2026-07-24,2026,3,7,Julio,2026-07,30,24,5,Viernes,0,0,
20260725,2026-07-25,2026,3,7,Julio,2026-07,30,25,6,Sábado,1,0,
20260726,2026-07-26,2026,3,7,Julio,2026-07,30,26,7,Domingo,1,0,
20260727,2026-07-27,2026,3,7,Julio,2026-07,31,27,1,Lunes,0,0,
20260728,2026-07-28,2026,3,7,Julio,2026-07,31,28,2,Martes,0,1,Fiestas Patrias
20260729,2026-07-29,2026,3,7,Julio,2026-07,31,29,3,Miércoles,0,1,Fiestas Patrias
20260730,2026-07-30,2026,3,7,Julio,2026-07,31,30,4,Jueves,0,0,
20260731,2026-07-31,2026,3,7,Julio,2026-07,31,31,5,Viernes,0,0,
20260801,2026-08-01,2026,3,8,Agosto,2026-08,31,1,6,Sábado,1,0,
20260802,2026-08-02,2026,3,8,Agosto,2026-08,31,2,7,Domingo,1,0,
20260803,2026-08-03,2026,3,8,Agosto,2026-08,32,3,1,Lunes,0,0,
20260804,2026-08-04,2026,3,8,Agosto,2026-08,32,4,2,Martes,0,0,
20260805,2026-08-05,2026,3,8,Agosto,2026-08,32,5,3,Miércoles,0,0,
20260806,2026-08-06,2026,3,8,Agosto,2026-08,32,6,4,Jueves,0,1,Batalla de Junín
20260807,2026-08-07,2026,3,8,Agosto,2026-08,32,7,5,Viernes,0,0,
20260808,2026-08-08,2026,3,8,Agosto,2026-08,32,8,6,Sábado,1,0,
20260809,2026-08-09,2026,3,8,Agosto,2026-08,32,9,7,Domingo,1,0,
20260810,2026-08-10,2026,3,8,Agosto,2026-08,33,10,1,Lunes,0,0,
20260811,2026-08-11,2026,3,8,Agosto,2026-08,33,11,2,Martes,0,0,
20260812,2026-08-12,2026,3,8,Agosto,2026-08,33,12,3,Miércoles,0,0,
20260813,2026-08-13,2026,3,8,Agosto,2026-08,33,13,4,Jueves,0,0,
20260814,2026-08-14,2026,3,8,Agosto,2026-08,33,14,5,Viernes,0,0,
20260815,2026-08-15,2026,3,8,Agosto,2026-08,33,15,6,Sábado,1,0,
20260816,2026-08-16,2026,3,8,Agosto,2026-08,33,16,7,Domingo,1,0,
20260817,2026-08-17,2026,3,8,Agosto,2026-08,34,17,1,Lunes,0,0,
20260818,2026-08-18,2026,3,8,Agosto,2026-08,34,18,2,Martes,0,0,
20260819,2026-08-19,2026,3,8,Agosto,2026-08,34,19,3,Miércoles,0,0,
20260820,2026-08-20,2026,3,8,Agosto,2026-08,34,20,4,Jueves,0,0,
20260821,2026-08-21,2026,3,8,Agosto,2026-08,34,21,5,Viernes,0,0,
20260822,2026-08-22,2026,3,8,Agosto,2026-08,34,22,6,Sábado,1,0,
20260823,2026-08-23,2026,3,8,Agosto,2026-08,34,23,7,Domingo,1,0,
20260824,2026-08-24,2026,3,8,Agosto,2026-08,35,24,1,Lunes,0,0,
20260825,2026-08-25,2026,3,8,Agosto,2026-08,35,25,2,Martes,0,0,
20260826,2026-08-26,2026,3,8,Agosto,2026-08,35,26,3,Miércoles,0,0,
20260827,2026-08-27,2026,3,8,Agosto,2026-08,35,27,4,Jueves,0,0,
20260828,2026-08-28,2026,3,8,Agosto,2026-08,35,28,5,Viernes,0,0,
20260829,2026-08-29,2026,3,8,Agosto,2026-08,35,29,6,Sábado,1,0,
20260830,2026-08-30,2026,3,8,Agosto,2026-08,35,30,7,Domingo,1,1,Santa Rosa de Lima
20260831,2026-08-31,2026,3,8,Agosto,2026-08,36,31,1,Lunes,0,0,
20260901,2026-09-01,2026,3,9,Setiembre,2026-09,36,1,2,Martes,0,0,
20260902,2026-09-02,2026,3,9,Setiembre,2026-09,36,2,3,Miércoles,0,0,
20260903,2026-09-03,2026,3,9,Setiembre,2026-09,36,3,4,Jueves,0,0,
20260904,2026-09-04,2026,3,9,Setiembre,2026-09,36,4,5,Viernes,0,0,
20260905,2026-09-05,2026,3,9,Setiembre,2026-09,36,5,6,Sábado,1,0,
20260906,2026-09-06,2026,3,9,Setiembre,2026-09,36,6,7,Domingo,1,0,
20260907,2026-09-07,2026,3,9,Setiembre,2026-09,37,7,1,Lunes,0,0,
20260908,2026-09-08,2026,3,9,Setiembre,2026-09,37,8,2,Martes,0,0,
20260909,2026-09-09,2026,3,9,Setiembre,2026-09,37,9,3,Miércoles,0,0,
20260910,2026-09-10,2026,3,9,Setiembre,2026-09,37,10,4,Jueves,0,0,
20260911,2026-09-11,2026,3,9,Setiembre,2026-09,37,11,5,Viernes,0,0,
20260912,2026-09-12,2026,3,9,Setiembre,2026-09,37,12,6,Sábado,1,0,
20260913,2026-09-13,2026,3,9,Setiembre,2026-09,37,13,7,Domingo,1,0,
20260914,2026-09-14,2026,3,9,Setiembre,2026-09,38,14,1,Lunes,0,0,
20260915,2026-09-15,2026,3,9,Setiembre,2026-09,38,15,2,Martes,0,0,
20260916,2026-09-16,2026,3,9,Setiembre,2026-09,38,16,3,Miércoles,0,0,
20260917,2026-09-17,2026,3,9,Setiembre,2026-09,38,17,4,Jueves,0,0,
20260918,2026-09-18,2026,3,9,Setiembre,2026-09,38,18,5,Viernes,0,0,
20260919,2026-09-19,2026,3,9,Setiembre,2026-09,38,19,6,Sábado,1,0,
20260920,2026-09-20,2026,3,9,Setiembre,2026-09,38,20,7,Domingo,1,0,
20260921,2026-09-21,2026,3,9,Setiembre,2026-09,39,21,1,Lunes,0,0,
20260922,2026-09-22,2026,3,9,Setiembre,2026-09,39,22,2,Martes,0,0,
20260923,2026-09-23,2026,3,9,Setiembre,2026-09,39,23,3,Miércoles,0,0,
20260924,2026-09-24,2026,3,9,Setiembre,2026-09,39,24,4,Jueves,0,0,
20260925,2026-09-25,2026,3,9,Setiembre,2026-09,39,25,5,Viernes,0,0,
20260926,2026-09-26,2026,3,9,Setiembre,2026-09,39,26,6,Sábado,1,0,
20260927,2026-09-27,2026,3,9,Setiembre,2026-09,39,27,7,Domingo,1,0,
20260928,2026-09-28,2026,3,9,Setiembre,2026-09,40,28,1,Lunes,0,0,
20260929,2026-09-29,2026,3,9,Setiembre,2026-09,40,29,2,Martes,0,0,
20260930,2026-09-30,2026,3,9,Setiembre,2026-09,40,30,3,Miércoles,0,0,
20261001,2026-10-01,2026,4,10,Octubre,2026-10,40,1,4,Jueves,0,0,
20261002,2026-10-02,2026,4,10,Octubre,2026-10,40,2,5,Viernes,0,0,
20261003,2026-10-03,2026,4,10,Octubre,2026-10,40,3,6,Sábado,1,0,
20261004,2026-10-04,2026,4,10,Octubre,2026-10,40,4,7,Domingo,1,0,
20261005,2026-10-05,2026,4,10,Octubre,2026-10,41,5,1,Lunes,0,0,
20261006,2026-10-06,2026,4,10,Octubre,2026-10,41,6,2,Martes,0,0,
20261007,2026-10-07,2026,4,10,Octubre,2026-10,41,7,3,Miércoles,0,0,
20261008,2026-10-08,2026,4,10,Octubre,2026-10,41,8,4,Jueves,0,1,Combate de Angamos
20261009,2026-10-09,2026,4,10,Octubre,2026-10,41,9,5,Viernes,0,0,
20261010,2026-10-10,2026,4,10,Octubre,2026-10,41,10,6,Sábado,1,0,
20261011,2026-10-11,2026,4,10,Octubre,2026-10,41,11,7,Domingo,1,0,
20261012,2026-10-12,2026,4,10,Octubre,2026-10,42,12,1,Lunes,0,0,
20261013,2026-10-13,2026,4,10,Octubre,2026-10,42,13,2,Martes,0,0,
20261014,2026-10-14,2026,4,10,Octubre,2026-10,42,14,3,Miércoles,0,0,
20261015,2026-10-15,2026,4,10,Octubre,2026-10,42,15,4,Jueves,0,0,
20261016,2026-10-16,2026,4,10,Octubre,2026-10,42,16,5,Viernes,0,0,
20261017,2026-10-17,2026,4,10,Octubre,2026-10,42,17,6,Sábado,1,0,
20261018,2026-10-18,2026,4,10,Octubre,2026-10,42,18,7,Domingo,1,0,
20261019,2026-10-19,2026,4,10,Octubre,2026-10,43,19,1,Lunes,0,0,
20261020,2026-10-20,2026,4,10,Octubre,2026-10,43,20,2,Martes,0,0,
20261021,2026-10-21,2026,4,10,Octubre,2026-10,43,21,3,Miércoles,0,0,
20261022,2026-10-22,2026,4,10,Octubre,2026-10,43,22,4,Jueves,0,0,
20261023,2026-10-23,2026,4,10,Octubre,2026-10,43,23,5,Viernes,0,0,
20261024,2026-10-24,2026,4,10,Octubre,2026-10,43,24,6,Sábado,1,0,
20261025,2026-10-25,2026,4,10,Octubre,2026-10,43,25,7,Domingo,1,0,
20261026,2026-10-26,2026,4,10,Octubre,2026-10,44,26,1,Lunes,0,0,
20261027,2026-10-27,2026,4,10,Octubre,2026-10,44,27,2,Martes,0,0,
20261028,2026-10-28,2026,4,10,Octubre,2026-10,44,28,3,Miércoles,0,0,
20261029,2026-10-29,2026,4,10,Octubre,2026-10,44,29,4,Jueves,0,0,
20261030,2026-10-30,2026,4,10,Octubre,2026-10,44,30,5,Viernes,0,0,
20261031,2026-10-31,2026,4,10,Octubre,2026-10,44,31,6,Sábado,1,0,
20261101,2026-11-01,2026,4,11,Noviembre,2026-11,44,1,7,Domingo,1,1,Todos los Santos
20261102,2026-11-02,2026,4,11,Noviembre,2026-11,45,2,1,Lunes,0,0,
20261103,2026-11-03,2026,4,11,Noviembre,2026-11,45,3,2,Martes,0,0,
20261104,2026-11-04,2026,4,11,Noviembre,2026-11,45,4,3,Miércoles,0,0,
20261105,2026-11-05,2026,4,11,Noviembre,2026-11,45,5,4,Jueves,0,0,
20261106,2026-11-06,2026,4,11,Noviembre,2026-11,45,6,5,Viernes,0,0,
20261107,2026-11-07,2026,4,11,Noviembre,2026-11,45,7,6,Sábado,1,0,
20261108,2026-11-08,2026,4,11,Noviembre,2026-11,45,8,7,Domingo,1,0,
20261109,2026-11-09,2026,4,11,Noviembre,2026-11,46,9,1,Lunes,0,0,
20261110,2026-11-10,2026,4,11,Noviembre,2026-11,46,10,2,Martes,0,0,
20261111,2026-11-11,2026,4,11,Noviembre,2026-11,46,11,3,Miércoles,0,0,
20261112,2026-11-12,2026,4,11,Noviembre,2026-11,46,12,4,Jueves,0,0,
20261113,2026-11-13,2026,4,11,Noviembre,2026-11,46,13,5,Viernes,0,0,
20261114,2026-11-14,2026,4,11,Noviembre,2026-11,46,14,6,Sábado,1,0,
20261115,2026-11-15,2026,4,11,Noviembre,2026-11,46,15,7,Domingo,1,0,
20261116,2026-11-16,2026,4,11,Noviembre,2026-11,47,16,1,Lunes,0,0,
20261117,2026-11-17,2026,4,11,Noviembre,2026-11,47,17,2,Martes,0,0,
20261118,2026-11-18,2026,4,11,Noviembre,2026-11,47,18,3,Miércoles,0,0,
20261119,2026-11-19,2026,4,11,Noviembre,2026-11,47,19,4,Jueves,0,0,
20261120,2026-11-20,2026,4,11,Noviembre,2026-11,47,20,5,Viernes,0,0,
20261121,2026-11-21,2026,4,11,Noviembre,2026-11,47,21,6,Sábado,1,0,
20261122,2026-11-22,2026,4,11,Noviembre,2026-11,47,22,7,Domingo,1,0,
20261123,2026-11-23,2026,4,11,Noviembre,2026-11,48,23,1,Lunes,0,0,
20261124,2026-11-24,2026,4,11,Noviembre,2026-11,48,24,2,Martes,0,0,
20261125,2026-11-25,2026,4,11,Noviembre,2026-11,48,25,3,Miércoles,0,0,
20261126,2026-11-26,2026,4,11,Noviembre,2026-11,48,26,4,Jueves,0,0,
20261127,2026-11-27,2026,4,11,Noviembre,2026-11,48,27,5,Viernes,0,0,
20261128,2026-11-28,2026,4,11,Noviembre,2026-11,48,28,6,Sábado,1,0,
20261129,2026-11-29,2026,4,11,Noviembre,2026-11,48,29,7,Domingo,1,0,
20261130,2026-11-30,2026,4,11,Noviembre,2026-11,49,30,1,Lunes,0,0,
20261201,2026-12-01,2026,4,12,Diciembre,2026-12,49,1,2,Martes,0,0,
20261202,2026-12-02,2026,4,12,Diciembre,2026-12,49,2,3,Miércoles,0,0,
20261203,2026-12-03,2026,4,12,Diciembre,2026-12,49,3,4,Jueves,0,0,
20261204,2026-12-04,2026,4,12,Diciembre,2026-12,49,4,5,Viernes,0,0,
20261205,2026-12-05,2026,4,12,Diciembre,2026-12,49,5,6,Sábado,1,0,
20261206,2026-12-06,2026,4,12,Diciembre,2026-12,49,6,7,Domingo,1,0,
20261207,2026-12-07,2026,4,12,Diciembre,2026-12,50,7,1,Lunes,0,0,
20261208,2026-12-08,2026,4,12,Diciembre,2026-12,50,8,2,Martes,0,1,Inmaculada Concepción
20261209,2026-12-09,2026,4,12,Diciembre,2026-12,50,9,3,Miércoles,0,1,Batalla de Ayacucho
20261210,2026-12-10,2026,4,12,Diciembre,2026-12,50,10,4,Jueves,0,0,
20261211,2026-12-11,2026,4,12,Diciembre,2026-12,50,11,5,Viernes,0,0,
20261212,2026-12-12,2026,4,12,Diciembre,2026-12,50,12,6,Sábado,1,0,
20261213,2026-12-13,2026,4,12,Diciembre,2026-12,50,13,7,Domingo,1,0,
20261214,2026-12-14,2026,4,12,Diciembre,2026-12,51,14,1,Lunes,0,0,
20261215,2026-12-15,2026,4,12,Diciembre,2026-12,51,15,2,Martes,0,0,
20261216,2026-12-16,2026,4,12,Diciembre,2026-12,51,16,3,Miércoles,0,0,
20261217,2026-12-17,2026,4,12,Diciembre,2026-12,51,17,4,Jueves,0,0,
20261218,2026-12-18,2026,4,12,Diciembre,2026-12,51,18,5,Viernes,0,0,
20261219,2026-12-19,2026,4,12,Diciembre,2026-12,51,19,6,Sábado,1,0,
20261220,2026-12-20,2026,4,12,Diciembre,2026-12,51,20,7,Domingo,1,0,
20261221,2026-12-21,2026,4,12,Diciembre,2026-12,52,21,1,Lunes,0,0,
20261222,2026-12-22,2026,4,12,Diciembre,2026-12,52,22,2,Martes,0,0,
20261223,2026-12-23,2026,4,12,Diciembre,2026-12,52,23,3,Miércoles,0,0,
20261224,2026-12-24,2026,4,12,Diciembre,2026-12,52,24,4,Jueves,0,0,
20261225,2026-12-25,2026,4,12,Diciembre,2026-12,52,25,5,Viernes,0,1,Navidad
20261226,2026-12-26,2026,4,12,Diciembre,2026-12,52,26,6,Sábado,1,0,
20261227,2026-12-27,2026,4,12,Diciembre,2026-12,52,27,7,Domingo,1,0,
20261228,2026-12-28,2026,4,12,Diciembre,2026-12,53,28,1,Lunes,0,0,
20261229,2026-12-29,2026,4,12,Diciembre,2026-12,53,29,2,Martes,0,0,
20261230,2026-12-30,2026,4,12,Diciembre,2026-12,53,30,3,Miércoles,0,0,
20261231,2026-12-31,2026,4,12,Diciembre,2026-12,53,31,4,Jueves,0,0,
