sk_plato,id_plato_nk,nombre_plato,categoria,precio_base,costo_estimado,margen_unitario,margen_pct,rango_precio
1,1,Ceviche Clásico,Ceviches,28,9.21,18.79,67.1,Medio (16-30)
2,2,Ceviche Mixto,Ceviches,34,13.26,20.74,61.0,Alto (31-40)
3,3,Ceviche de Conchas Negras,Ceviches,42,14.78,27.22,64.8,Premium (>40)
4,4,Ceviche de Pota,Ceviches,22,6.44,15.56,70.7,Medio (16-30)
5,5,Ceviche Carretillero,Ceviches,30,8.4,21.6,72.0,Medio (16-30)
6,6,Ceviche de Camarón,Ceviches,38,13.51,24.49,64.4,Alto (31-40)
7,7,Tiradito Nikkei,Ceviches,36,11.91,24.09,66.9,Alto (31-40)
8,8,Ceviche Vegetariano,Ceviches,24,8.92,15.08,62.8,Medio (16-30)
9,9,Arroz con Mariscos,Arroces,35,13.16,21.84,62.4,Alto (31-40)
10,10,Arroz Chaufa de Mariscos,Arroces,32,10.25,21.75,68.0,Alto (31-40)
11,11,Arroz con Pato Marino,Arroces,33,10.72,22.28,67.5,Alto (31-40)
12,12,Arroz Negro,Arroces,36,12.68,23.32,64.8,Alto (31-40)
13,13,Chaufa de Pescado,Arroces,28,10.47,17.53,62.6,Medio (16-30)
14,14,Jalea Mixta,Frituras,45,13.79,31.21,69.4,Premium (>40)
15,15,Chicharrón de Pescado,Frituras,30,11.77,18.23,60.8,Medio (16-30)
16,16,Chicharrón de Calamar,Frituras,32,10.29,21.71,67.8,Alto (31-40)
17,17,Choritos a la Chalaca,Entradas,26,8.32,17.68,68.0,Medio (16-30)
18,18,Pulpo al Olivo,Entradas,38,15.61,22.39,58.9,Alto (31-40)
19,19,Causa Limeña,Entradas,18,7.3,10.7,59.4,Medio (16-30)
20,20,Papa a la Huancaína,Entradas,16,5.2,10.8,67.5,Medio (16-30)
21,21,Tequeños de Mariscos,Entradas,20,6.85,13.15,65.8,Medio (16-30)
22,22,Ensalada Marina,Entradas,22,6.8,15.2,69.1,Medio (16-30)
23,23,Leche de Tigre,Leches,18,5.41,12.59,69.9,Medio (16-30)
24,24,Leche de Tigre Especial,Leches,24,6.95,17.05,71.0,Medio (16-30)
25,25,Leche de Pantera,Leches,26,10.05,15.95,61.3,Medio (16-30)
26,26,Parihuela,Sopas,42,17.51,24.49,58.3,Premium (>40)
27,27,Sopa Chilcano de Pescado,Sopas,25,8.92,16.08,64.3,Medio (16-30)
28,28,Sudado de Pescado,Sopas,34,10.42,23.58,69.4,Alto (31-40)
29,29,Pescado a lo Macho,Platos Calientes,44,15.29,28.71,65.2,Premium (>40)
30,30,Filete a la Chorrillana,Platos Calientes,38,15.55,22.45,59.1,Alto (31-40)
31,31,Saltado de Mariscos,Platos Calientes,36,11.2,24.8,68.9,Alto (31-40)
32,32,Tacu Tacu con Mariscos,Platos Calientes,37,11.89,25.11,67.9,Alto (31-40)
33,33,Chicha Morada (jarra),Bebidas,14,4.76,9.24,66.0,Económico (<=15)
34,34,Limonada Frozen,Bebidas,10,2.86,7.14,71.4,Económico (<=15)
35,35,Cerveza Cusqueña,Bebidas,9,2.84,6.16,68.4,Económico (<=15)
36,36,Inca Kola 500ml,Bebidas,6,2.43,3.57,59.5,Económico (<=15)
37,37,Maracuyá Sour,Bebidas,18,6.67,11.33,62.9,Medio (16-30)
38,38,Suspiro Limeño,Postres,12,3.4,8.6,71.7,Económico (<=15)
39,39,Mazamorra Morada,Postres,8,2.73,5.27,65.9,Económico (<=15)
40,40,Helado de Lúcuma,Postres,10,3.45,6.55,65.5,Económico (<=15)
