id_empleado,dni_empleado,nombre,apellido,cargo,salario_mensual
1,52397294,Mariana,Delap,Ayudante,
2,71731698,Dorey,Costain,Cajero,2422.1
3,84450003,Evangeline,Bertolin,Cajero,
4,50497221,Karina,Hove,Ayudante,1416.76
5,70258797,Lorne,Wreight,Mozo,2050.01
6,77103433,Felix,Siebart,Ayudante,2495.52
7,77623549,Rosina,Shephard,Mozo,2706.77
8,49390029,Vasilis,Chetham,Cocinero,2845.68
9,26117813,Masha,Carr,Ayudante,
10,23348179,Billie,Buckberry,Cocinero,
11,46476374,Amory,Fieldstone,Ayudante,2256.43
12,68582144,Malvin,Lampbrecht,Administrador,2602.17
13,55551611,Washington,Dolbey,Cocinero,3148.98
14,55213400,Jamaal,Losemann,Administrador,2428.93
15,52866076,Gerti,Whatson,Ayudante,2045.38
16,79460951,Rosa,Quispe,Vendedor,1502.62
17,47755290,Luis,Cabrera,Vendedor,1584.55
18,36600690,Milagros,Tello,Vendedor,1455.55
19,38844277,Jhon,Chávez,Vendedor,1648.56
20,40556595,Karen,Bardales,Mozo,1530.42
21,36026257,Pedro,Sánchez,Delivery,1241.65
22,23452293,Diana,Huamán,Cajero,1828.95
23,47094795,Óscar,Mendoza,Cocinero,2216.13
24,27389283,Lucía,Terrones,Vendedor,1601.13
25,61768025,Iván,Rojas,Delivery,1435.77
